fold,r2
1,0.7825573282802664
2,0.6405170978663279
3,0.6533105467911132
4,0.79730280807344
5,0.8254609220792533
mean,0.73982974061808
