mae,rmse,r2,n_train,n_test
0.40759499361912066,0.5518299607730045,0.7634527808451651,136,34
