feature,coefficient
gdp_per_capita,0.4072921102646897
freedom,0.28993228637173973
social_support,0.2659636365696935
life_expectancy,0.16744745536384142
trust,0.0801043468426638
generosity,0.024476599009372102
